title,price,image
Trepang2 – PlayStation 5 PS5,39.99 ,https://pnpgamesonline.com/wp-content/uploads/2023/09/TREPANG-2-P5-N-247x247.jpg
Hades – PlayStation 5 PS5,24.99 ,https://pnpgamesonline.com/wp-content/uploads/2021/08/HADES-P5-N-247x247.jpg
Inscryption (2024 Edition) – PlayStation 5 PS5,74.99 ,https://pnpgamesonline.com/wp-content/uploads/2024/06/INSCRYPTION-PL-P5-N-247x247.jpg
Marvel Midnight Suns Enhanced Edition – PlayStation 5 PS5,19.99 ,https://pnpgamesonline.com/wp-content/uploads/2022/07/MIDNIGHT-SUNS-P5-N-247x247.jpg
Persona 3 Reloaded Launch Edition – PlayStation 5 PS5,89.99 ,https://pnpgamesonline.com/wp-content/uploads/2023/09/PERSONA-3-RE-P5-N-247x247.jpg
Star Wars Jedi Fallen Order – PlayStation 5 PS5,29.99 ,https://pnpgamesonline.com/wp-content/uploads/2021/12/SW-JEDI-FO-P5-N-247x247.jpg
Like a Dragon Gaiden The Man Who Erased His Name (English Cover) (ASIM) – PlayStation 5 PS5,59.99 ,https://pnpgamesonline.com/wp-content/uploads/2023/11/LAD-MAN-WEHN-AS-P5-N-247x247.jpg
Persona 5 Royal (Post Launch) – PlayStation 5 PS5,79.99 ,https://pnpgamesonline.com/wp-content/uploads/2022/10/PERSONA-5R-PL-P5-N-247x247.jpg
Like a Dragon Infinite Wealth – PlayStation 5 PS5,89.99 ,https://pnpgamesonline.com/wp-content/uploads/2024/01/LAD-INFINITE-W-P5-N-247x247.jpg
Blackwind – PlayStation 5 PS5,29.99 ,https://pnpgamesonline.com/wp-content/uploads/2023/09/BLACKWIND-P5-N-247x247.jpg
Terminator Resistance Enhanced (Limited Run Games) – PlayStation 5 PS5,49.99 ,"data:image/svg+xml,%3Csvg%20viewBox%3D%220%200%20247%20247%22%20xmlns%3D%22http%3A%2F%2Fwww.w3.org%2F2000%2Fsvg%22%3E%3C%2Fsvg%3E"
Lies of P – PlayStation 5 PS5,79.99 ,"data:image/svg+xml,%3Csvg%20viewBox%3D%220%200%20247%20247%22%20xmlns%3D%22http%3A%2F%2Fwww.w3.org%2F2000%2Fsvg%22%3E%3C%2Fsvg%3E"
Baldurs Gate 3 (JPIM) (Multi-Language) – PlayStation 5 PS5,79.99 ,"data:image/svg+xml,%3Csvg%20viewBox%3D%220%200%20247%20247%22%20xmlns%3D%22http%3A%2F%2Fwww.w3.org%2F2000%2Fsvg%22%3E%3C%2Fsvg%3E"
Soul Hackers 2 Launch Edition – PlayStation 5 PS5,79.99 ,"data:image/svg+xml,%3Csvg%20viewBox%3D%220%200%20247%20247%22%20xmlns%3D%22http%3A%2F%2Fwww.w3.org%2F2000%2Fsvg%22%3E%3C%2Fsvg%3E"
The Dark Pictures House of Ashes – PlayStation 5 PS5,29.99 ,"data:image/svg+xml,%3Csvg%20viewBox%3D%220%200%20247%20247%22%20xmlns%3D%22http%3A%2F%2Fwww.w3.org%2F2000%2Fsvg%22%3E%3C%2Fsvg%3E"
Devil May Cry 5 Special Edition – PlayStation 5 PS5,29.99 ,"data:image/svg+xml,%3Csvg%20viewBox%3D%220%200%20247%20247%22%20xmlns%3D%22http%3A%2F%2Fwww.w3.org%2F2000%2Fsvg%22%3E%3C%2Fsvg%3E"
Like a Dragon Ishin – PlayStation 5 PS5,79.99 ,"data:image/svg+xml,%3Csvg%20viewBox%3D%220%200%20247%20247%22%20xmlns%3D%22http%3A%2F%2Fwww.w3.org%2F2000%2Fsvg%22%3E%3C%2Fsvg%3E"
Stray – PlayStation 5 PS5,39.99 ,"data:image/svg+xml,%3Csvg%20viewBox%3D%220%200%20247%20247%22%20xmlns%3D%22http%3A%2F%2Fwww.w3.org%2F2000%2Fsvg%22%3E%3C%2Fsvg%3E"
Dead Space (2023) – PlayStation 5 PS5,69.99 ,"data:image/svg+xml,%3Csvg%20viewBox%3D%220%200%20247%20247%22%20xmlns%3D%22http%3A%2F%2Fwww.w3.org%2F2000%2Fsvg%22%3E%3C%2Fsvg%3E"
Crisis Core Final Fantasy VII 7 Reunion – PlayStation 5 PS5,39.99 ,"data:image/svg+xml,%3Csvg%20viewBox%3D%220%200%20247%20247%22%20xmlns%3D%22http%3A%2F%2Fwww.w3.org%2F2000%2Fsvg%22%3E%3C%2Fsvg%3E"
Demons Souls – PlayStation 5 PS5,89.99 ,"data:image/svg+xml,%3Csvg%20viewBox%3D%220%200%20247%20247%22%20xmlns%3D%22http%3A%2F%2Fwww.w3.org%2F2000%2Fsvg%22%3E%3C%2Fsvg%3E"
Yakuza Like a Dragon – PlayStation 5 PS5,79.99 ,"data:image/svg+xml,%3Csvg%20viewBox%3D%220%200%20247%20247%22%20xmlns%3D%22http%3A%2F%2Fwww.w3.org%2F2000%2Fsvg%22%3E%3C%2Fsvg%3E"
The Nioh Collection – PlayStation 5 PS5,89.99 ,"data:image/svg+xml,%3Csvg%20viewBox%3D%220%200%20247%20247%22%20xmlns%3D%22http%3A%2F%2Fwww.w3.org%2F2000%2Fsvg%22%3E%3C%2Fsvg%3E"
Bomb Rush Cyberfunk – PlayStation 5 PS5,54.99 ,"data:image/svg+xml,%3Csvg%20viewBox%3D%220%200%20247%20247%22%20xmlns%3D%22http%3A%2F%2Fwww.w3.org%2F2000%2Fsvg%22%3E%3C%2Fsvg%3E"
Ghost Song – PlayStation 5 PS5,39.99 ,"data:image/svg+xml,%3Csvg%20viewBox%3D%220%200%20247%20247%22%20xmlns%3D%22http%3A%2F%2Fwww.w3.org%2F2000%2Fsvg%22%3E%3C%2Fsvg%3E"
Resident Evil Village Gold Edition – PlayStation 5 PS5,54.99 ,"data:image/svg+xml,%3Csvg%20viewBox%3D%220%200%20247%20247%22%20xmlns%3D%22http%3A%2F%2Fwww.w3.org%2F2000%2Fsvg%22%3E%3C%2Fsvg%3E"
Sonic Frontiers – PlayStation 5 PS5,54.99 ,"data:image/svg+xml,%3Csvg%20viewBox%3D%220%200%20247%20247%22%20xmlns%3D%22http%3A%2F%2Fwww.w3.org%2F2000%2Fsvg%22%3E%3C%2Fsvg%3E"
Immortals Fenyx Rising – PlayStation 5 PS5,39.99 ,"data:image/svg+xml,%3Csvg%20viewBox%3D%220%200%20247%20247%22%20xmlns%3D%22http%3A%2F%2Fwww.w3.org%2F2000%2Fsvg%22%3E%3C%2Fsvg%3E"
Unicorn Overlord – PlayStation 5 PS5,79.99 ,"data:image/svg+xml,%3Csvg%20viewBox%3D%220%200%20247%20247%22%20xmlns%3D%22http%3A%2F%2Fwww.w3.org%2F2000%2Fsvg%22%3E%3C%2Fsvg%3E"
Star Wars Jedi Survivor – PlayStation 5 PS5,89.99 ,"data:image/svg+xml,%3Csvg%20viewBox%3D%220%200%20247%20247%22%20xmlns%3D%22http%3A%2F%2Fwww.w3.org%2F2000%2Fsvg%22%3E%3C%2Fsvg%3E"
Resident Evil 4 (2023) – PlayStation 5 PS5,39.99 ,"data:image/svg+xml,%3Csvg%20viewBox%3D%220%200%20247%20247%22%20xmlns%3D%22http%3A%2F%2Fwww.w3.org%2F2000%2Fsvg%22%3E%3C%2Fsvg%3E"
Persona 5 Tactica – PlayStation 5 PS5,29.99 ,"data:image/svg+xml,%3Csvg%20viewBox%3D%220%200%20247%20247%22%20xmlns%3D%22http%3A%2F%2Fwww.w3.org%2F2000%2Fsvg%22%3E%3C%2Fsvg%3E"
Ratchet and Clank Rift Apart – PlayStation 5 PS5,89.99 ,"data:image/svg+xml,%3Csvg%20viewBox%3D%220%200%20247%20247%22%20xmlns%3D%22http%3A%2F%2Fwww.w3.org%2F2000%2Fsvg%22%3E%3C%2Fsvg%3E"
Dead Cells Return to Castlevania Edition – PlayStation 5 PS5,59.99 ,"data:image/svg+xml,%3Csvg%20viewBox%3D%220%200%20247%20247%22%20xmlns%3D%22http%3A%2F%2Fwww.w3.org%2F2000%2Fsvg%22%3E%3C%2Fsvg%3E"
Neon White – PlayStation 5 PS5,54.99 ,"data:image/svg+xml,%3Csvg%20viewBox%3D%220%200%20247%20247%22%20xmlns%3D%22http%3A%2F%2Fwww.w3.org%2F2000%2Fsvg%22%3E%3C%2Fsvg%3E"
Final Fantasy XVI 16 – PlayStation 5 PS5,49.99 ,"data:image/svg+xml,%3Csvg%20viewBox%3D%220%200%20247%20247%22%20xmlns%3D%22http%3A%2F%2Fwww.w3.org%2F2000%2Fsvg%22%3E%3C%2Fsvg%3E"
Cyberpunk 2077 Ultimate Edition (DLC Voucher Included) – PlayStation 5 PS5,79.99 ,"data:image/svg+xml,%3Csvg%20viewBox%3D%220%200%20247%20247%22%20xmlns%3D%22http%3A%2F%2Fwww.w3.org%2F2000%2Fsvg%22%3E%3C%2Fsvg%3E"
Marvels Spider-Man Miles Morales Ultimate Edition – PlayStation 5 PS5,89.99 ,"data:image/svg+xml,%3Csvg%20viewBox%3D%220%200%20247%20247%22%20xmlns%3D%22http%3A%2F%2Fwww.w3.org%2F2000%2Fsvg%22%3E%3C%2Fsvg%3E"
Edge of Eternity – PlayStation 5 PS5,39.99 ,"data:image/svg+xml,%3Csvg%20viewBox%3D%220%200%20247%20247%22%20xmlns%3D%22http%3A%2F%2Fwww.w3.org%2F2000%2Fsvg%22%3E%3C%2Fsvg%3E"
Sackboy a Big Adventure – PlayStation 5 PS5,79.99 ,"data:image/svg+xml,%3Csvg%20viewBox%3D%220%200%20247%20247%22%20xmlns%3D%22http%3A%2F%2Fwww.w3.org%2F2000%2Fsvg%22%3E%3C%2Fsvg%3E"
Uncharted Legacy of Thieves Collection – PlayStation 5 PS5,64.99 ,"data:image/svg+xml,%3Csvg%20viewBox%3D%220%200%20247%20247%22%20xmlns%3D%22http%3A%2F%2Fwww.w3.org%2F2000%2Fsvg%22%3E%3C%2Fsvg%3E"
Kena Bridge of Spirits Deluxe Edition – PlayStation 5 PS5,29.99 ,"data:image/svg+xml,%3Csvg%20viewBox%3D%220%200%20247%20247%22%20xmlns%3D%22http%3A%2F%2Fwww.w3.org%2F2000%2Fsvg%22%3E%3C%2Fsvg%3E"
Robocop Rogue City – PlayStation 5 PS5,79.99 ,"data:image/svg+xml,%3Csvg%20viewBox%3D%220%200%20247%20247%22%20xmlns%3D%22http%3A%2F%2Fwww.w3.org%2F2000%2Fsvg%22%3E%3C%2Fsvg%3E"
Returnal – PlayStation 5 PS5,89.99 ,"data:image/svg+xml,%3Csvg%20viewBox%3D%220%200%20247%20247%22%20xmlns%3D%22http%3A%2F%2Fwww.w3.org%2F2000%2Fsvg%22%3E%3C%2Fsvg%3E"
Tormented Souls – PlayStation 5 PS5,29.99 ,"data:image/svg+xml,%3Csvg%20viewBox%3D%220%200%20247%20247%22%20xmlns%3D%22http%3A%2F%2Fwww.w3.org%2F2000%2Fsvg%22%3E%3C%2Fsvg%3E"
Quake (Limited Run Games) – PlayStation 5 PS5,49.99 ,"data:image/svg+xml,%3Csvg%20viewBox%3D%220%200%20247%20247%22%20xmlns%3D%22http%3A%2F%2Fwww.w3.org%2F2000%2Fsvg%22%3E%3C%2Fsvg%3E"
Final Fantasy VII 7 Remake Intergrade (EU Import) – PlayStation 5 PS5,49.99 ,"data:image/svg+xml,%3Csvg%20viewBox%3D%220%200%20247%20247%22%20xmlns%3D%22http%3A%2F%2Fwww.w3.org%2F2000%2Fsvg%22%3E%3C%2Fsvg%3E"
The Last of Us Part I (2022) – PlayStation 5 PS5,89.99 ,"data:image/svg+xml,%3Csvg%20viewBox%3D%220%200%20247%20247%22%20xmlns%3D%22http%3A%2F%2Fwww.w3.org%2F2000%2Fsvg%22%3E%3C%2Fsvg%3E"
Marvels Spider-Man 2 Launch Edition – PlayStation 5 PS5,89.99 ,"data:image/svg+xml,%3Csvg%20viewBox%3D%220%200%20247%20247%22%20xmlns%3D%22http%3A%2F%2Fwww.w3.org%2F2000%2Fsvg%22%3E%3C%2Fsvg%3E"
Grand Theft Auto GTA V 5 – PlayStation 5 PS5,49.99 ,"data:image/svg+xml,%3Csvg%20viewBox%3D%220%200%20247%20247%22%20xmlns%3D%22http%3A%2F%2Fwww.w3.org%2F2000%2Fsvg%22%3E%3C%2Fsvg%3E"
Ghostwire Tokyo – PlayStation 5 PS5,79.99 ,"data:image/svg+xml,%3Csvg%20viewBox%3D%220%200%20247%20247%22%20xmlns%3D%22http%3A%2F%2Fwww.w3.org%2F2000%2Fsvg%22%3E%3C%2Fsvg%3E"
NHL 22 – PlayStation 5 PS5,39.99 ,"data:image/svg+xml,%3Csvg%20viewBox%3D%220%200%20247%20247%22%20xmlns%3D%22http%3A%2F%2Fwww.w3.org%2F2000%2Fsvg%22%3E%3C%2Fsvg%3E"
Deaths Door (Special Reserve Games) (Collectors Edition) – PlayStation 5 PS5,64.99 ,"data:image/svg+xml,%3Csvg%20viewBox%3D%220%200%20247%20247%22%20xmlns%3D%22http%3A%2F%2Fwww.w3.org%2F2000%2Fsvg%22%3E%3C%2Fsvg%3E"
Shantae (Limited Run Games) – PlayStation 5 PS5,54.99 ,"data:image/svg+xml,%3Csvg%20viewBox%3D%220%200%20247%20247%22%20xmlns%3D%22http%3A%2F%2Fwww.w3.org%2F2000%2Fsvg%22%3E%3C%2Fsvg%3E"
Return to Monkey Island – PlayStation 5 PS5,49.99 ,"data:image/svg+xml,%3Csvg%20viewBox%3D%220%200%20247%20247%22%20xmlns%3D%22http%3A%2F%2Fwww.w3.org%2F2000%2Fsvg%22%3E%3C%2Fsvg%3E"
Watch Dogs Legion – PlayStation 5 PS5,29.99 ,"data:image/svg+xml,%3Csvg%20viewBox%3D%220%200%20247%20247%22%20xmlns%3D%22http%3A%2F%2Fwww.w3.org%2F2000%2Fsvg%22%3E%3C%2Fsvg%3E"
Lost Judgment – PlayStation 5 PS5,79.99 ,"data:image/svg+xml,%3Csvg%20viewBox%3D%220%200%20247%20247%22%20xmlns%3D%22http%3A%2F%2Fwww.w3.org%2F2000%2Fsvg%22%3E%3C%2Fsvg%3E"
River City Girls 2 (Limited Run Games) – PlayStation 5 PS5,59.99 ,"data:image/svg+xml,%3Csvg%20viewBox%3D%220%200%20247%20247%22%20xmlns%3D%22http%3A%2F%2Fwww.w3.org%2F2000%2Fsvg%22%3E%3C%2Fsvg%3E"
Marvels Spider-Man Miles Morales – PlayStation 5 PS5,64.99 ,"data:image/svg+xml,%3Csvg%20viewBox%3D%220%200%20247%20247%22%20xmlns%3D%22http%3A%2F%2Fwww.w3.org%2F2000%2Fsvg%22%3E%3C%2Fsvg%3E"
God of War Ragnarok (Post Launch Edition) – PlayStation 5 PS5,89.99 ,"data:image/svg+xml,%3Csvg%20viewBox%3D%220%200%20247%20247%22%20xmlns%3D%22http%3A%2F%2Fwww.w3.org%2F2000%2Fsvg%22%3E%3C%2Fsvg%3E"
Shantae the Pirates Curse (Limited Run Games) – PlayStation 5 PS5,54.99 ,"data:image/svg+xml,%3Csvg%20viewBox%3D%220%200%20247%20247%22%20xmlns%3D%22http%3A%2F%2Fwww.w3.org%2F2000%2Fsvg%22%3E%3C%2Fsvg%3E"
Final Fantasy VII 7 Rebirth – PlayStation 5 PS5,89.99 ,"data:image/svg+xml,%3Csvg%20viewBox%3D%220%200%20247%20247%22%20xmlns%3D%22http%3A%2F%2Fwww.w3.org%2F2000%2Fsvg%22%3E%3C%2Fsvg%3E"
Hogwarts Legacy – PlayStation 5 PS5,59.99 ,"data:image/svg+xml,%3Csvg%20viewBox%3D%220%200%20247%20247%22%20xmlns%3D%22http%3A%2F%2Fwww.w3.org%2F2000%2Fsvg%22%3E%3C%2Fsvg%3E"
Star Ocean the Divine Force – PlayStation 5 PS5,49.99 ,"data:image/svg+xml,%3Csvg%20viewBox%3D%220%200%20247%20247%22%20xmlns%3D%22http%3A%2F%2Fwww.w3.org%2F2000%2Fsvg%22%3E%3C%2Fsvg%3E"
Sonic Superstars – PlayStation 5 PS5,39.99 ,"data:image/svg+xml,%3Csvg%20viewBox%3D%220%200%20247%20247%22%20xmlns%3D%22http%3A%2F%2Fwww.w3.org%2F2000%2Fsvg%22%3E%3C%2Fsvg%3E"
Shantae Riskys Revenge Directors Cut (Limited Run Games) – PlayStation 5 PS5,49.99 ,"data:image/svg+xml,%3Csvg%20viewBox%3D%220%200%20247%20247%22%20xmlns%3D%22http%3A%2F%2Fwww.w3.org%2F2000%2Fsvg%22%3E%3C%2Fsvg%3E"
Haven (Limited Run Games) – PlayStation 5 PS5,64.99 ,"data:image/svg+xml,%3Csvg%20viewBox%3D%220%200%20247%20247%22%20xmlns%3D%22http%3A%2F%2Fwww.w3.org%2F2000%2Fsvg%22%3E%3C%2Fsvg%3E"
Demon Slayer Kimetsu No Yaiba Hinokami Chronicles – PlayStation 5 PS5,79.99 ,"data:image/svg+xml,%3Csvg%20viewBox%3D%220%200%20247%20247%22%20xmlns%3D%22http%3A%2F%2Fwww.w3.org%2F2000%2Fsvg%22%3E%3C%2Fsvg%3E"
Cthulhu Saves Christmas (Limited Run Games) – PlayStation 5 PS5,49.99 ,"data:image/svg+xml,%3Csvg%20viewBox%3D%220%200%20247%20247%22%20xmlns%3D%22http%3A%2F%2Fwww.w3.org%2F2000%2Fsvg%22%3E%3C%2Fsvg%3E"
Teenage Mutant Ninja Turtles the Cowabunga Collection – PlayStation 5 PS5,34.99 ,"data:image/svg+xml,%3Csvg%20viewBox%3D%220%200%20247%20247%22%20xmlns%3D%22http%3A%2F%2Fwww.w3.org%2F2000%2Fsvg%22%3E%3C%2Fsvg%3E"
Goat Simulator 3 – PlayStation 5 PS5,19.99 ,"data:image/svg+xml,%3Csvg%20viewBox%3D%220%200%20247%20247%22%20xmlns%3D%22http%3A%2F%2Fwww.w3.org%2F2000%2Fsvg%22%3E%3C%2Fsvg%3E"
NHL 23 – PlayStation 5 PS5,39.99 ,"data:image/svg+xml,%3Csvg%20viewBox%3D%220%200%20247%20247%22%20xmlns%3D%22http%3A%2F%2Fwww.w3.org%2F2000%2Fsvg%22%3E%3C%2Fsvg%3E"
Deathloop – PlayStation 5 PS5,49.99 ,"data:image/svg+xml,%3Csvg%20viewBox%3D%220%200%20247%20247%22%20xmlns%3D%22http%3A%2F%2Fwww.w3.org%2F2000%2Fsvg%22%3E%3C%2Fsvg%3E"
Octopath Traveler 2 – PlayStation 5 PS5,49.99 ,"data:image/svg+xml,%3Csvg%20viewBox%3D%220%200%20247%20247%22%20xmlns%3D%22http%3A%2F%2Fwww.w3.org%2F2000%2Fsvg%22%3E%3C%2Fsvg%3E"
River City Girls Zero (Limited Run Games) – PlayStation 5 PS5,54.99 ,"data:image/svg+xml,%3Csvg%20viewBox%3D%220%200%20247%20247%22%20xmlns%3D%22http%3A%2F%2Fwww.w3.org%2F2000%2Fsvg%22%3E%3C%2Fsvg%3E"
Metal Gear Solid Master Collection Vol 1 Day One Edition – PlayStation 5 PS5,49.99 ,"data:image/svg+xml,%3Csvg%20viewBox%3D%220%200%20247%20247%22%20xmlns%3D%22http%3A%2F%2Fwww.w3.org%2F2000%2Fsvg%22%3E%3C%2Fsvg%3E"
Alan Wake 2 Deluxe Edition – PlayStation 5 PS5,109.99 ,"data:image/svg+xml,%3Csvg%20viewBox%3D%220%200%20247%20247%22%20xmlns%3D%22http%3A%2F%2Fwww.w3.org%2F2000%2Fsvg%22%3E%3C%2Fsvg%3E"
Metro Exodus Complete Edition – PlayStation 5 PS5,29.99 ,"data:image/svg+xml,%3Csvg%20viewBox%3D%220%200%20247%20247%22%20xmlns%3D%22http%3A%2F%2Fwww.w3.org%2F2000%2Fsvg%22%3E%3C%2Fsvg%3E"
Scarlet Nexus – PlayStation 5 PS5,29.99 ,"data:image/svg+xml,%3Csvg%20viewBox%3D%220%200%20247%20247%22%20xmlns%3D%22http%3A%2F%2Fwww.w3.org%2F2000%2Fsvg%22%3E%3C%2Fsvg%3E"
Gran Turismo 7 Post Launch Edition – PlayStation 5 PS5,89.99 ,"data:image/svg+xml,%3Csvg%20viewBox%3D%220%200%20247%20247%22%20xmlns%3D%22http%3A%2F%2Fwww.w3.org%2F2000%2Fsvg%22%3E%3C%2Fsvg%3E"
Need for Speed Unbound – PlayStation 5 PS5,29.99 ,"data:image/svg+xml,%3Csvg%20viewBox%3D%220%200%20247%20247%22%20xmlns%3D%22http%3A%2F%2Fwww.w3.org%2F2000%2Fsvg%22%3E%3C%2Fsvg%3E"
Shantae and the Seven Sirens (Limited Run Games) – PlayStation 5 PS5,54.99 ,"data:image/svg+xml,%3Csvg%20viewBox%3D%220%200%20247%20247%22%20xmlns%3D%22http%3A%2F%2Fwww.w3.org%2F2000%2Fsvg%22%3E%3C%2Fsvg%3E"
Helldivers 2 – PlayStation 5 PS5,49.99 ,"data:image/svg+xml,%3Csvg%20viewBox%3D%220%200%20247%20247%22%20xmlns%3D%22http%3A%2F%2Fwww.w3.org%2F2000%2Fsvg%22%3E%3C%2Fsvg%3E"
Shin Megami Tensei V Vengeance (Standard Edition) – PlayStation 5 PS5,79.99 ,"data:image/svg+xml,%3Csvg%20viewBox%3D%220%200%20247%20247%22%20xmlns%3D%22http%3A%2F%2Fwww.w3.org%2F2000%2Fsvg%22%3E%3C%2Fsvg%3E"
Resident Evil 8 Village – PlayStation 5 PS5,39.99 ,"data:image/svg+xml,%3Csvg%20viewBox%3D%220%200%20247%20247%22%20xmlns%3D%22http%3A%2F%2Fwww.w3.org%2F2000%2Fsvg%22%3E%3C%2Fsvg%3E"
King of Fighters XV – PlayStation 5 PS5,39.99 ,"data:image/svg+xml,%3Csvg%20viewBox%3D%220%200%20247%20247%22%20xmlns%3D%22http%3A%2F%2Fwww.w3.org%2F2000%2Fsvg%22%3E%3C%2Fsvg%3E"
Saints Row – PlayStation 5 PS5,19.99 ,"data:image/svg+xml,%3Csvg%20viewBox%3D%220%200%20247%20247%22%20xmlns%3D%22http%3A%2F%2Fwww.w3.org%2F2000%2Fsvg%22%3E%3C%2Fsvg%3E"
Bloodrayne Betrayal Fresh Bites (Limited Run Games) – PlayStation 5 PS5,54.99 ,"data:image/svg+xml,%3Csvg%20viewBox%3D%220%200%20247%20247%22%20xmlns%3D%22http%3A%2F%2Fwww.w3.org%2F2000%2Fsvg%22%3E%3C%2Fsvg%3E"
Shadowrun Trilogy (Limited Run Games) – PlayStation 5 PS5,59.99 ,"data:image/svg+xml,%3Csvg%20viewBox%3D%220%200%20247%20247%22%20xmlns%3D%22http%3A%2F%2Fwww.w3.org%2F2000%2Fsvg%22%3E%3C%2Fsvg%3E"
Silent Hill 2 (2024) – PlayStation 5 PS5,89.99 ,"data:image/svg+xml,%3Csvg%20viewBox%3D%220%200%20247%20247%22%20xmlns%3D%22http%3A%2F%2Fwww.w3.org%2F2000%2Fsvg%22%3E%3C%2Fsvg%3E"
Warhammer 40000 Space Marine 2 – PlayStation 5 PS5,89.99 ,"data:image/svg+xml,%3Csvg%20viewBox%3D%220%200%20247%20247%22%20xmlns%3D%22http%3A%2F%2Fwww.w3.org%2F2000%2Fsvg%22%3E%3C%2Fsvg%3E"
Gotham Knights – PlayStation 5 PS5,39.99 ,"data:image/svg+xml,%3Csvg%20viewBox%3D%220%200%20247%20247%22%20xmlns%3D%22http%3A%2F%2Fwww.w3.org%2F2000%2Fsvg%22%3E%3C%2Fsvg%3E"
Bloodrayne Revamped (Limited Run Games) – PlayStation 5 PS5,54.99 ,"data:image/svg+xml,%3Csvg%20viewBox%3D%220%200%20247%20247%22%20xmlns%3D%22http%3A%2F%2Fwww.w3.org%2F2000%2Fsvg%22%3E%3C%2Fsvg%3E"
Shantae Half Genie Hero Ultimate Edition (Limited Run Games) – PlayStation 5 PS5,54.99 ,"data:image/svg+xml,%3Csvg%20viewBox%3D%220%200%20247%20247%22%20xmlns%3D%22http%3A%2F%2Fwww.w3.org%2F2000%2Fsvg%22%3E%3C%2Fsvg%3E"
River City Girls (Limited Run Games) – PlayStation 5 PS5,54.99 ,"data:image/svg+xml,%3Csvg%20viewBox%3D%220%200%20247%20247%22%20xmlns%3D%22http%3A%2F%2Fwww.w3.org%2F2000%2Fsvg%22%3E%3C%2Fsvg%3E"
Super Bomberman R 2 – PlayStation 5 PS5,39.99 ,"data:image/svg+xml,%3Csvg%20viewBox%3D%220%200%20247%20247%22%20xmlns%3D%22http%3A%2F%2Fwww.w3.org%2F2000%2Fsvg%22%3E%3C%2Fsvg%3E"
Prince of Persia The Lost Crown – PlayStation 5 PS5,59.99 ,"data:image/svg+xml,%3Csvg%20viewBox%3D%220%200%20247%20247%22%20xmlns%3D%22http%3A%2F%2Fwww.w3.org%2F2000%2Fsvg%22%3E%3C%2Fsvg%3E"
NBA 2K24 Kobe Bryant Standard Edition – PlayStation 5 PS5,19.99 ,"data:image/svg+xml,%3Csvg%20viewBox%3D%220%200%20247%20247%22%20xmlns%3D%22http%3A%2F%2Fwww.w3.org%2F2000%2Fsvg%22%3E%3C%2Fsvg%3E"
The Legend of Heroes Trails Through Daybreak Deluxe Edition – PlayStation 5 PS5,79.99 ,"data:image/svg+xml,%3Csvg%20viewBox%3D%220%200%20247%20247%22%20xmlns%3D%22http%3A%2F%2Fwww.w3.org%2F2000%2Fsvg%22%3E%3C%2Fsvg%3E"
Metaphor: ReFantazio Launch Edition – PlayStation 5 PS5,89.99 ,"data:image/svg+xml,%3Csvg%20viewBox%3D%220%200%20247%20247%22%20xmlns%3D%22http%3A%2F%2Fwww.w3.org%2F2000%2Fsvg%22%3E%3C%2Fsvg%3E"
